Iters,NWorkers,Window,CV,Seed,Throughput,AvgUtilization,AdjustedExecutionTime,IdleHistogram
10000,4,4,0.5,293856,3.75753,0.940541,2661.33,0.846955,0.115164,0.0289707,0.00891053
10000,16,0,2,293687,2.60506,0.16201,3838.68,0.00180999,0.000375634,0.000930934,0.0018408,0.00343032,0.00529377,0.00847359,0.0123967,0.0177005,0.024553,0.0351152,0.0504422,0.0722967,0.112255,0.196774,0.456311,0
10000,4,4,0.5,293856,3.75753,0.940541,2661.33,0.846955,0.115164,0.0289707,0.00891053
